slate_order,game_id,week,date_ET,time_ET,kickoff_ET,kickoff_UTC,kickoff_CT,network,away,away_code,away_coaches_rank,away_submitted_record,away_accepted_record,home,home_code,home_coaches_rank,home_submitted_record,home_accepted_record,neutral,notes,away_TEAM,away_OFF,away_DEF,home_TEAM,home_OFF,home_DEF,identity_status,record_status,timezone_basis,matchup
1,G0324,2026-W07,2026-10-06,7:00pm,2026-10-06T19:00:00-04:00,2026-10-06T23:00:00+00:00,2026-10-06T18:00:00-05:00,SEN,Old Dominion,ODU,,1-4,1-4,Troy,TROY,,1-3,1-3,False,,70,68,72,72,69,75,MATCHED_EXISTING_GAME_ID,MATCH,Eastern Time per established Week7 carriage convention,Old Dominion at Troy
2,G0329,2026-W07,2026-10-06,7:00pm,2026-10-06T19:00:00-04:00,2026-10-06T23:00:00+00:00,2026-10-06T18:00:00-05:00,ESPN,East Carolina,ECU,,1-4,1-4,Southern Miss,USM,,1-4,1-4,False,,74,72,76,69,70,68,MATCHED_EXISTING_GAME_ID,MATCH,Eastern Time per established Week7 carriage convention,East Carolina at Southern Miss
3,G0293,2026-W07,2026-10-07,7:00pm,2026-10-07T19:00:00-04:00,2026-10-07T23:00:00+00:00,2026-10-07T18:00:00-05:00,SEN,Florida International,FIU,,1-3,1-3,Georgia Southern,GASO,,1-3,1-3,False,,73,67,79,71,70,72,MATCHED_EXISTING_GAME_ID,MATCH,Eastern Time per established Week7 carriage convention,FIU at Georgia Southern
4,G0299,2026-W07,2026-10-07,7:00pm,2026-10-07T19:00:00-04:00,2026-10-07T23:00:00+00:00,2026-10-07T18:00:00-05:00,ESPN,North Texas,UNT,,2-3,2-3,Louisiana Tech,LT,,2-3,2-3,False,,78,83,73,73,75,71,MATCHED_EXISTING_GAME_ID,MATCH,Eastern Time per established Week7 carriage convention,North Texas at Louisiana Tech
5,G0300,2026-W07,2026-10-08,7:30pm,2026-10-08T19:30:00-04:00,2026-10-08T23:30:00+00:00,2026-10-08T18:30:00-05:00,SEN,UTSA,UTSA,,2-2,2-2,Memphis,MEM,24.0,5-1,5-1,False,,78,80,76,86,89,83,MATCHED_EXISTING_GAME_ID,MATCH,Eastern Time per established Week7 carriage convention,UTSA at Memphis
6,G0328,2026-W07,2026-10-08,7:30pm,2026-10-08T19:30:00-04:00,2026-10-08T23:30:00+00:00,2026-10-08T18:30:00-05:00,ESPN,Florida Atlantic,FAU,,3-2,3-2,South Florida,USF,,4-1,4-1,False,,76,78,74,82,79,85,MATCHED_EXISTING_GAME_ID,MATCH,Eastern Time per established Week7 carriage convention,FAU at South Florida
7,G0298,2026-W07,2026-10-09,8:00pm,2026-10-09T20:00:00-04:00,2026-10-10T00:00:00+00:00,2026-10-09T19:00:00-05:00,EBC,Florida State,FSU,,3-2,3-2,Louisville,LOU,,1-3,1-3,False,,84,85,83,84,87,81,MATCHED_EXISTING_GAME_ID,MATCH,Eastern Time per established Week7 carriage convention,Florida State at Louisville
8,G0335,2026-W07,2026-10-09,8:00pm,2026-10-09T20:00:00-04:00,2026-10-10T00:00:00+00:00,2026-10-09T19:00:00-05:00,Fox,Iowa,IOWA,23.0,3-1,3-1,Washington,WASH,,2-2,2-2,False,,86,82,90,83,81,85,MATCHED_EXISTING_GAME_ID,MATCH,Eastern Time per established Week7 carriage convention,Iowa at Washington
9,G0288,2026-W07,2026-10-09,9:00pm,2026-10-09T21:00:00-04:00,2026-10-10T01:00:00+00:00,2026-10-09T20:00:00-05:00,ESPN,Iowa State,ISU,,2-2,2-2,BYU,BYU,9.0,4-0,4-0,False,,78,79,77,92,90,94,MATCHED_EXISTING_GAME_ID,MATCH,Eastern Time per established Week7 carriage convention,Iowa State at BYU
10,G0331,2026-W07,2026-10-09,9:00pm,2026-10-09T21:00:00-04:00,2026-10-10T01:00:00+00:00,2026-10-09T20:00:00-05:00,SEN,Kansas,KU,,0-4,0-4,Utah,UTAH,14.0,4-0,4-0,False,,78,77,79,92,92,92,MATCHED_EXISTING_GAME_ID,MATCH,Eastern Time per established Week7 carriage convention,Kansas at Utah
11,G0320,2026-W07,2026-10-09,10:00pm,2026-10-09T22:00:00-04:00,2026-10-10T02:00:00+00:00,2026-10-09T21:00:00-05:00,CBSSN,Wyoming,WYO,,1-3,1-3,San Jose State,SJSU,,3-2,3-2,False,,67,62,72,72,70,74,MATCHED_EXISTING_GAME_ID,MATCH,Eastern Time per established Week7 carriage convention,Wyoming at San Jose State
12,G0330,2026-W07,2026-10-09,11:59pm,2026-10-09T23:59:00-04:00,2026-10-10T03:59:00+00:00,2026-10-09T22:59:00-05:00,SEN,Washington State,WSU,,1-4,1-4,Utah State,USU,,2-3,2-3,False,,71,69,73,76,73,79,MATCHED_EXISTING_GAME_ID,MATCH,Eastern Time per established Week7 carriage convention,Washington State at Utah State
13,G0285,2026-W07,2026-10-10,12:00pm,2026-10-10T12:00:00-04:00,2026-10-10T16:00:00+00:00,2026-10-10T11:00:00-05:00,ESPN,Tennessee,TENN,12.0,4-1,4-1,Arkansas,ARK,,2-3,2-3,False,,90,90,90,76,74,78,MATCHED_EXISTING_GAME_ID,MATCH,Eastern Time per established Week7 carriage convention,Tennessee at Arkansas
14,G0290,2026-W07,2026-10-10,12:00pm,2026-10-10T12:00:00-04:00,2026-10-10T16:00:00+00:00,2026-10-10T11:00:00-05:00,FS1,Colorado State,CSU,,2-2,2-2,Colorado,COLO,,1-3,1-3,False,,73,79,67,74,70,78,MATCHED_EXISTING_GAME_ID,MATCH,Eastern Time per established Week7 carriage convention,Colorado State at Colorado
15,G0295,2026-W07,2026-10-10,12:00pm,2026-10-10T12:00:00-04:00,2026-10-10T16:00:00+00:00,2026-10-10T11:00:00-05:00,ACCN,Duke,DUKE,18.0,4-0,4-0,Georgia Tech,GT,,1-3,1-3,False,,87,85,89,78,77,79,MATCHED_EXISTING_GAME_ID,MATCH,Eastern Time per established Week7 carriage convention,Duke at Georgia Tech
16,G0296,2026-W07,2026-10-10,12:00pm,2026-10-10T12:00:00-04:00,2026-10-10T16:00:00+00:00,2026-10-10T11:00:00-05:00,EBC+EBCOTT,Miami,MIA,4.0,4-0,4-0,Holy Cross,HC,17.0,4-0,4-0,False,,97,99,95,80,81,79,MATCHED_EXISTING_GAME_ID,MATCH,Eastern Time per established Week7 carriage convention,Miami at Holy Cross
17,G0297,2026-W07,2026-10-10,12:00pm,2026-10-10T12:00:00-04:00,2026-10-10T16:00:00+00:00,2026-10-10T11:00:00-05:00,TNT,Houston,HOU,,3-2,3-2,Kansas State,KSU,,3-1,3-1,False,,90,92,88,82,82,82,MATCHED_EXISTING_GAME_ID,MATCH,Eastern Time per established Week7 carriage convention,Houston at Kansas State
18,G0308,2026-W07,2026-10-10,12:00pm,2026-10-10T12:00:00-04:00,2026-10-10T16:00:00+00:00,2026-10-10T11:00:00-05:00,Fox,Indiana,IU,3.0,5-0,5-0,Nebraska,NEB,,3-1,3-1,False,,93,92,94,87,90,84,MATCHED_EXISTING_GAME_ID,MATCH,Eastern Time per established Week7 carriage convention,Indiana at Nebraska
19,G0314,2026-W07,2026-10-10,12:00pm,2026-10-10T12:00:00-04:00,2026-10-10T16:00:00+00:00,2026-10-10T11:00:00-05:00,SEN,Maryland,MD,,1-4,1-4,Ohio State,OSU,5.0,3-1,3-1,False,,79,80,78,94,96,92,MATCHED_EXISTING_GAME_ID,MATCH,Eastern Time per established Week7 carriage convention,Maryland at Ohio State
20,G0315,2026-W07,2026-10-10,12:00pm,2026-10-10T12:00:00-04:00,2026-10-10T16:00:00+00:00,2026-10-10T11:00:00-05:00,ABC,Texas,TEX,2.0,4-0,4-0,Oklahoma,OU,,2-2,2-2,True,Neutral site,93,91,95,86,81,91,MATCHED_EXISTING_GAME_ID,MATCH,Eastern Time per established Week7 carriage convention,Texas vs Oklahoma
21,G0316,2026-W07,2026-10-10,12:00pm,2026-10-10T12:00:00-04:00,2026-10-10T16:00:00+00:00,2026-10-10T11:00:00-05:00,CW,North Carolina,UNC,,2-2,2-2,Pittsburgh,PITT,,3-2,3-2,False,,82,80,84,85,84,86,MATCHED_EXISTING_GAME_ID,MATCH,Eastern Time per established Week7 carriage convention,North Carolina at Pittsburgh
22,G0318,2026-W07,2026-10-10,12:00pm,2026-10-10T12:00:00-04:00,2026-10-10T16:00:00+00:00,2026-10-10T11:00:00-05:00,CBS,Minnesota,MINN,,2-2,2-2,Purdue,PUR,,1-4,1-4,False,,78,77,79,75,76,74,MATCHED_EXISTING_GAME_ID,MATCH,Eastern Time per established Week7 carriage convention,Minnesota at Purdue
23,G0319,2026-W07,2026-10-10,12:00pm,2026-10-10T12:00:00-04:00,2026-10-10T16:00:00+00:00,2026-10-10T11:00:00-05:00,ESPN+,Tulane,TLN,,2-3,2-3,Rice,RICE,,0-5,0-5,False,,77,74,80,63,63,63,MATCHED_EXISTING_GAME_ID,MATCH,Eastern Time per established Week7 carriage convention,Tulane at Rice
24,G0322,2026-W07,2026-10-10,12:00pm,2026-10-10T12:00:00-04:00,2026-10-10T16:00:00+00:00,2026-10-10T11:00:00-05:00,SEN+,UConn,UConn,,2-2,2-2,Temple,TEM,,0-4,0-4,False,,79,82,76,76,74,78,MATCHED_EXISTING_GAME_ID,MATCH,Eastern Time per established Week7 carriage convention,UConn at Temple
25,G0325,2026-W07,2026-10-10,12:00pm,2026-10-10T12:00:00-04:00,2026-10-10T16:00:00+00:00,2026-10-10T11:00:00-05:00,SEN+,New Mexico State,NMSU,,0-5,0-5,UAB,UAB,,1-3,1-3,False,,68,68,68,70,68,72,MATCHED_EXISTING_GAME_ID,MATCH,Eastern Time per established Week7 carriage convention,New Mexico State at UAB
26,G0334,2026-W07,2026-10-10,12:00pm,2026-10-10T12:00:00-04:00,2026-10-10T16:00:00+00:00,2026-10-10T11:00:00-05:00,SECN,Ole Miss,MISS,15.0,3-1,3-1,Vanderbilt,VAN,,3-2,3-2,False,,86,89,83,84,83,85,MATCHED_EXISTING_GAME_ID,MATCH,Eastern Time per established Week7 carriage convention,Ole Miss at Vanderbilt
27,G0337,2026-W07,2026-10-10,12:00pm,2026-10-10T12:00:00-04:00,2026-10-10T16:00:00+00:00,2026-10-10T11:00:00-05:00,CBSSN,Colgate,COLG,,3-1,3-1,Yale,YALE,,0-4,0-4,False,,78,76,80,70,71,69,MATCHED_EXISTING_GAME_ID,MATCH,Eastern Time per established Week7 carriage convention,Colgate at Yale
28,G0294,2026-W07,2026-10-10,2:10pm,2026-10-10T14:10:00-04:00,2026-10-10T18:10:00+00:00,2026-10-10T13:10:00-05:00,SEN,Buffalo,BUFF,,2-3,2-3,Georgia State,GAST,,4-1,4-1,False,,70,70,70,81,83,79,MATCHED_EXISTING_GAME_ID,MATCH,Eastern Time per established Week7 carriage convention,Buffalo at Georgia State
29,G0287,2026-W07,2026-10-10,3:30pm,2026-10-10T15:30:00-04:00,2026-10-10T19:30:00+00:00,2026-10-10T14:30:00-05:00,EBCOTT,Clemson,CLEM,,3-2,3-2,Baylor,BAY,,2-2,2-2,False,,81,79,83,81,79,83,MATCHED_EXISTING_GAME_ID,MATCH,Eastern Time per established Week7 carriage convention,Clemson at Baylor
30,G0291,2026-W07,2026-10-10,3:30pm,2026-10-10T15:30:00-04:00,2026-10-10T19:30:00+00:00,2026-10-10T14:30:00-05:00,ABC,South Carolina,SC,,1-4,1-4,Florida,FLA,25.0,3-1,3-1,False,,77,79,75,87,93,81,MATCHED_EXISTING_GAME_ID,MATCH,Eastern Time per established Week7 carriage convention,South Carolina at Florida
31,G0302,2026-W07,2026-10-10,3:30pm,2026-10-10T15:30:00-04:00,2026-10-10T19:30:00+00:00,2026-10-10T14:30:00-05:00,SEN+,Coastal Carolina,CCU,,0-4,0-4,Marshall,MRSH,,3-1,3-1,False,,70,68,72,71,72,70,MATCHED_EXISTING_GAME_ID,MATCH,Eastern Time per established Week7 carriage convention,Coastal Carolina at Marshall
32,G0303,2026-W07,2026-10-10,3:30pm,2026-10-10T15:30:00-04:00,2026-10-10T19:30:00+00:00,2026-10-10T14:30:00-05:00,B1G,Illinois,ILL,,2-3,2-3,Michigan State,MSU,,1-3,1-3,False,,83,84,82,79,75,83,MATCHED_EXISTING_GAME_ID,MATCH,Eastern Time per established Week7 carriage convention,Illinois at Michigan State
33,G0304,2026-W07,2026-10-10,3:30pm,2026-10-10T15:30:00-04:00,2026-10-10T19:30:00+00:00,2026-10-10T14:30:00-05:00,SEN+,Penn,PENN,,3-2,3-2,Middle Tennessee,MTSU,,1-3,1-3,False,,74,76,72,67,66,68,MATCHED_EXISTING_GAME_ID,MATCH,Eastern Time per established Week7 carriage convention,Penn at Middle Tennessee
34,G0306,2026-W07,2026-10-10,3:30pm,2026-10-10T15:30:00-04:00,2026-10-10T19:30:00+00:00,2026-10-10T14:30:00-05:00,ESPN2,Wake Forest,WAKE,,4-1,4-1,NC State,NCSU,,1-3,1-3,False,,85,85,85,81,83,79,MATCHED_EXISTING_GAME_ID,MATCH,Eastern Time per established Week7 carriage convention,Wake Forest at NC State
35,G0307,2026-W07,2026-10-10,3:30pm,2026-10-10T15:30:00-04:00,2026-10-10T19:30:00+00:00,2026-10-10T14:30:00-05:00,NBC,Stanford,STAN,,2-3,2-3,Notre Dame,ND,6.0,5-0,5-0,False,,68,70,66,95,96,94,MATCHED_EXISTING_GAME_ID,MATCH,Eastern Time per established Week7 carriage convention,Stanford at Notre Dame
36,G0309,2026-W07,2026-10-10,3:30pm,2026-10-10T15:30:00-04:00,2026-10-10T19:30:00+00:00,2026-10-10T14:30:00-05:00,ESPN+,Air Force,AF,,2-2,2-2,Northern Illinois,NIU,,0-4,0-4,False,,73,72,74,68,67,69,MATCHED_EXISTING_GAME_ID,MATCH,Eastern Time per established Week7 carriage convention,Air Force at Northern Illinois
37,G0311,2026-W07,2026-10-10,3:30pm,2026-10-10T15:30:00-04:00,2026-10-10T19:30:00+00:00,2026-10-10T14:30:00-05:00,Fox,UCF,UCF,,3-2,3-2,Oklahoma State,OKST,,2-2,2-2,False,,86,84,88,87,88,86,MATCHED_EXISTING_GAME_ID,MATCH,Eastern Time per established Week7 carriage convention,UCF at Oklahoma State
38,G0312,2026-W07,2026-10-10,3:30pm,2026-10-10T15:30:00-04:00,2026-10-10T19:30:00+00:00,2026-10-10T14:30:00-05:00,CBS,UCLA,UCLA,13.0,4-0,4-0,Oregon,ORE,11.0,3-1,3-1,False,,90,93,87,92,96,88,MATCHED_EXISTING_GAME_ID,MATCH,Eastern Time per established Week7 carriage convention,UCLA at Oregon
39,G0321,2026-W07,2026-10-10,3:30pm,2026-10-10T15:30:00-04:00,2026-10-10T19:30:00+00:00,2026-10-10T14:30:00-05:00,CW,Northwestern,NU,,2-2,2-2,SMU,SMU,19.0,3-1,3-1,False,,83,82,84,87,87,87,MATCHED_EXISTING_GAME_ID,MATCH,Eastern Time per established Week7 carriage convention,Northwestern at SMU
40,G0326,2026-W07,2026-10-10,3:30pm,2026-10-10T15:30:00-04:00,2026-10-10T19:30:00+00:00,2026-10-10T14:30:00-05:00,ESPN,LSU,LSU,10.0,3-1,3-1,Kentucky,UK,,3-2,3-2,False,,91,92,90,84,85,83,MATCHED_EXISTING_GAME_ID,MATCH,Eastern Time per established Week7 carriage convention,LSU at Kentucky
41,G0332,2026-W07,2026-10-10,3:30pm,2026-10-10T15:30:00-04:00,2026-10-10T19:30:00+00:00,2026-10-10T14:30:00-05:00,CBSSN,Nevada,NEV,,0-4,0-4,UTEP,UTEP,,0-5,0-5,False,,68,67,69,63,65,61,MATCHED_EXISTING_GAME_ID,MATCH,Eastern Time per established Week7 carriage convention,Nevada at UTEP
42,G0336,2026-W07,2026-10-10,3:30pm,2026-10-10T15:30:00-04:00,2026-10-10T19:30:00+00:00,2026-10-10T14:30:00-05:00,EBC,Arizona,ARIZ,21.0,4-1,4-1,West Virginia,WVU,,4-2,4-2,False,,88,87,89,78,82,74,MATCHED_EXISTING_GAME_ID,MATCH,Eastern Time per established Week7 carriage convention,Arizona at West Virginia
43,G0305,2026-W07,2026-10-10,6:15pm,2026-10-10T18:15:00-04:00,2026-10-10T22:15:00+00:00,2026-10-10T17:15:00-05:00,SEN,Mississippi State,MSST,,3-1,3-1,Navy,NAVY,,1-4,1-4,False,,86,89,83,79,77,81,MATCHED_EXISTING_GAME_ID,MATCH,Eastern Time per established Week7 carriage convention,Mississippi State at Navy
44,G0286,2026-W07,2026-10-10,7:00pm,2026-10-10T19:00:00-04:00,2026-10-10T23:00:00+00:00,2026-10-10T18:00:00-05:00,TNT,Hawaii,HAW,,0-4,0-4,Arizona State,ASU,,2-2,2-2,False,,65,63,67,77,81,73,MATCHED_EXISTING_GAME_ID,MATCH,Eastern Time per established Week7 carriage convention,Hawaii at Arizona State
45,G0289,2026-W07,2026-10-10,7:00pm,2026-10-10T19:00:00-04:00,2026-10-10T23:00:00+00:00,2026-10-10T18:00:00-05:00,ESPN,Virginia Tech,VT,,4-1,4-1,California,CAL,,2-3,2-3,False,,85,87,83,78,78,78,MATCHED_EXISTING_GAME_ID,MATCH,Eastern Time per established Week7 carriage convention,Virginia Tech at California
46,G0310,2026-W07,2026-10-10,7:00pm,2026-10-10T19:00:00-04:00,2026-10-10T23:00:00+00:00,2026-10-10T18:00:00-05:00,ESPN2,Wisconsin,WIS,,2-2,2-2,New Mexico,NM,,1-3,1-3,False,,82,81,83,82,82,82,MATCHED_EXISTING_GAME_ID,MATCH,Eastern Time per established Week7 carriage convention,Wisconsin at New Mexico
47,G0333,2026-W07,2026-10-10,7:15pm,2026-10-10T19:15:00-04:00,2026-10-10T23:15:00+00:00,2026-10-10T18:15:00-05:00,ACCN,Syracuse,SYR,,1-3,1-3,Virginia,UVA,,3-2,3-2,False,,77,78,76,86,86,86,MATCHED_EXISTING_GAME_ID,MATCH,Eastern Time per established Week7 carriage convention,Syracuse at Virginia
48,G0301,2026-W07,2026-10-10,7:30pm,2026-10-10T19:30:00-04:00,2026-10-10T23:30:00+00:00,2026-10-10T18:30:00-05:00,ABC,Texas A&M,TA&M,20.0,2-2,2-2,Missouri,MIZ,,3-2,3-2,False,,86,85,87,86,86,86,MATCHED_EXISTING_GAME_ID,MATCH,Eastern Time per established Week7 carriage convention,Texas A&M at Missouri
49,G0317,2026-W07,2026-10-10,7:30pm,2026-10-10T19:30:00-04:00,2026-10-10T23:30:00+00:00,2026-10-10T18:30:00-05:00,NBC,USC,USC,16.0,5-1,5-1,Penn State,PSU,,3-2,3-2,False,,87,91,83,86,85,87,MATCHED_EXISTING_GAME_ID,MATCH,Eastern Time per established Week7 carriage convention,USC at Penn State
50,G0284,2026-W07,2026-10-10,8:00pm,2026-10-10T20:00:00-04:00,2026-10-11T00:00:00+00:00,2026-10-10T19:00:00-05:00,EBC,Georgia,UGA,1.0,5-0,5-0,Alabama,ALA,7.0,5-0,5-0,False,,97,96,99,94,99,89,MATCHED_EXISTING_GAME_ID,MATCH,Eastern Time per established Week7 carriage convention,Georgia at Alabama
51,G0292,2026-W07,2026-10-10,9:30pm,2026-10-10T21:30:00-04:00,2026-10-11T01:30:00+00:00,2026-10-10T20:30:00-05:00,USA,Boise State,BOISE,22.0,4-1,4-1,Fresno State,FRES,,3-2,3-2,False,,86,86,86,78,75,81,MATCHED_EXISTING_GAME_ID,MATCH,Eastern Time per established Week7 carriage convention,Boise State at Fresno State
52,G0323,2026-W07,2026-10-10,9:30pm,2026-10-10T21:30:00-04:00,2026-10-11T01:30:00+00:00,2026-10-10T20:30:00-05:00,SEN,Princeton,PRIN,,0-3,0-3,Tulsa,TLSA,,3-2,3-2,False,,70,71,69,79,76,82,MATCHED_EXISTING_GAME_ID,MATCH,Eastern Time per established Week7 carriage convention,Princeton at Tulsa
53,G0313,2026-W07,2026-10-10,11:59pm,2026-10-10T23:59:00-04:00,2026-10-11T03:59:00+00:00,2026-10-10T22:59:00-05:00,CW,San Diego State,SDSU,,3-2,3-2,Oregon State,ORST,,3-2,3-2,False,,75,73,77,82,82,82,MATCHED_EXISTING_GAME_ID,MATCH,Eastern Time per established Week7 carriage convention,San Diego State at Oregon State
54,G0327,2026-W07,2026-10-10,11:59pm,2026-10-10T23:59:00-04:00,2026-10-11T03:59:00+00:00,2026-10-10T22:59:00-05:00,SEN,North Dakota State,NDSU,,3-1,3-1,UNLV,UNLV,,3-2,3-2,False,,81,81,81,76,74,78,MATCHED_EXISTING_GAME_ID,MATCH,Eastern Time per established Week7 carriage convention,North Dakota State at UNLV
