week,game_id,date,time_ET,network,away,home,home_conf,host_tz,site,conf_game,basis
W6,G0274,Sat 10/3,12:00pm,NBC,ND,UNC,ACC,ET,HOME,,ND-NBC
W6,G0277,Sat 10/3,7:30pm,NBC,WASH,USC,Big Ten,PT,HOME,Y,CHAIRMAN / BTSN
W6,G0228,Sat 10/3,12:00pm,CBS,NAVY,AF,Mountain West,MT,HOME,,CHAIRMAN
W6,G0229,Sat 10/3,10:00pm,SEN,CIN,ARIZ,Big 12,MT,HOME,Y,CHAIRMAN
W6,G0230,Sat 10/3,12:00pm,ESPN+,UAB,ARMY,American,ET,HOME,Y,CHAIRMAN / OTT
W6,G0231,Sat 10/3,9:00pm,FS1,BAY,ASU,Big 12,MT,HOME,Y,CHAIRMAN
W6,G0232,Sat 10/3,9:30pm,USA,USU,BOISE,Pac-12,MT,HOME,Y,CHAIRMAN
W6,G0233,Sat 10/3,12:00pm,FS1,LEH,BUFF,Atlantic-8,ET,HOME,,CHAIRMAN / R-TV-A8-FS1-01
W6,G0234,Sat 10/3,3:30pm,SEN+,GASO,CCU,Atlantic-8,ET,HOME,Y,CHAIRMAN / OTT
W6,G0235,Sat 10/3,8:00pm,EBC,MIA,CLEM,ACC,ET,HOME,Y,CHAIRMAN
W6,G0236,Sat 10/3,3:30pm,CBSSN,USM,COLG,ECL,ET,HOME,,CHAIRMAN / ECL-LINEAR
W6,G0237,Sat 10/3,8:30pm,SEN,TTU,COLO,Big 12,MT,HOME,Y,CHAIRMAN
W6,G0238,Sat 10/3,3:30pm,CW,ORST,CSU,Pac-12,MT,HOME,Y,CHAIRMAN
W6,G0239,Sat 10/3,12:00pm,ESPN+,TEM,ECU,American,ET,HOME,Y,CHAIRMAN / OTT
W6,G0240,Sat 10/3,12:00pm,ESPN+,RICE,FAU,American,ET,HOME,Y,CHAIRMAN / OTT
W6,G0241,Sat 10/3,12:00pm,SEN,UVA,FSU,ACC,ET,HOME,Y,CHAIRMAN
W6,G0242,Sat 10/3,8:00pm,SEN+,ODU,GAST,Atlantic-8,ET,HOME,Y,CHAIRMAN / OTT
W6,G0243,Sat 10/3,12:00am,SEN,SJSU,HAW,Mountain West,HT,HOME,Y,TEAM-OVERRIDE
W6,G0244,Sat 10/3,12:00pm,EBC,UCF,HOU,Big 12,CT,HOME,Y,CHAIRMAN
W6,G0245,Sat 10/3,3:30pm,CBS,PUR,ILL,Big Ten,CT,HOME,Y,CHAIRMAN
W6,G0246,Sat 10/3,12:00pm,Fox,OSU,IOWA,Big Ten,CT,HOME,Y,CHAIRMAN
W6,G0247,Sat 10/3,4:30pm,TNT,WVU,ISU,Big 12,CT,HOME,Y,CHAIRMAN
W6,G0248,Sat 10/3,3:30pm,ABC,ORE,KU,Big 12,CT,HOME,,CHAIRMAN
W6,G0249,Sat 10/3,3:30pm,ESPN,NMSU,LT,American,CT,HOME,Y,CHAIRMAN
W6,G0250,Thu 10/1,7:30pm,SEN,TLSA,MEM,American,CT,HOME,Y,CHAIRMAN / TNF
W6,G0251,Sat 10/3,3:30pm,Fox,MICH,MINN,Big Ten,CT,HOME,Y,CHAIRMAN
W6,G0252,Sat 10/3,12:00pm,SECN,FLA,MIZ,SEC,CT,HOME,Y,CHAIRMAN
W6,G0253,Fri 10/2,7:30pm,ESPN,DEL,MRSH,Atlantic-8,ET,HOME,Y,CHAIRMAN / R-TV-A8-ESPN-01 / R-TV-FRI-SWAP-01
W6,G0254,Sat 10/3,3:30pm,SECN,ALA,MSST,SEC,CT,HOME,Y,CHAIRMAN
W6,G0255,Fri 10/2,6:30pm,Fox,TROY,MTSU,Atlantic-8,CT,HOME,Y,CHAIRMAN / R-TV-FRI-SWAP-01
W6,G0256,Sat 10/3,12:00pm,ACCN,LOU,NCSU,ACC,ET,HOME,Y,CHAIRMAN
W6,G0257,Sat 10/3,8:00pm,CBS,WYO,NDSU,Mountain West,CT,HOME,Y,CHAIRMAN / CBS-FAM
W6,G0258,Sat 10/3,3:30pm,B1G,MD,NEB,Big Ten,CT,HOME,Y,CHAIRMAN
W6,G0259,Sat 10/3,6:15pm,SEN,MISS,NEV,Mountain West,PT,HOME,,CHAIRMAN / R-TV-MW-SEN-01
W6,G0260,Sat 10/3,12:00pm,ABC,GT,NIU,Mountain West,CT,HOME,,CHAIRMAN
W6,G0261,Sat 10/3,10:30pm,ESPN2,UTEP,NM,Mountain West,MT,HOME,Y,CHAIRMAN
W6,G0262,Fri 10/2,7:00pm,Fox,PSU,NU,Big Ten,CT,HOME,Y,CHAIRMAN / R-TV-FRI-SWAP-01
W6,G0263,Sat 10/3,12:00pm,CBSSN,HARV,PENN,ECL,ET,HOME,Y,ECL-STREAM / OTT
W6,G0264,Sat 10/3,8:00pm,Fox,IU,RUTG,Big Ten,ET,HOME,Y,CHAIRMAN / FLEX-SET
W6,G0265,Sat 10/3,12:00pm,ESPN,UK,SC,SEC,ET,HOME,Y,CHAIRMAN
W6,G0266,Sat 10/3,6:00pm,USA,TXST,SDSU,Pac-12,PT,HOME,Y,CHAIRMAN
W6,G0267,Sat 10/3,12:00pm,CW,BC,SMU,ACC,CT,HOME,Y,CHAIRMAN / OFF-GRID-ACCEPTED / R-TV-GRID-W6-01
W6,G0268,Sat 10/3,2:10pm,SEN,ARK,TA&M,SEC,CT,HOME,Y,CHAIRMAN
W6,G0269,Sat 10/3,3:30pm,EBC,BYU,TCU,Big 12,CT,HOME,Y,CHAIRMAN
W6,G0270,Sat 10/3,7:15pm,ESPN,AUB,TENN,SEC,ET,HOME,Y,CHAIRMAN
W6,G0271,Sat 10/3,7:30pm,CBSSN,COR,TLN,American,CT,HOME,,CHAIRMAN / R-TV-AMER-CBSSN-01
W6,G0272,Sat 10/3,12:00pm,CBSSN,SYR,UConn,Independent,ET,HOME,,TEAM-OVERRIDE / CBSSN-LINEAR
W6,G0273,Sat 10/3,4:30pm,SEN,VAN,UGA,SEC,ET,HOME,Y,CHAIRMAN
W6,G0275,Sat 10/3,3:30pm,ESPN2,CAL,UNLV,Mountain West,PT,HOME,,CHAIRMAN
W6,G0276,Thu 10/1,7:30pm,ESPN,OKST,UNT,American,CT,HOME,,CHAIRMAN / ESPN-THU
W6,G0278,Sat 10/3,12:00pm,SEN+,HC,USF,American,ET,HOME,,CHAIRMAN / OTT
W6,G0279,Fri 10/2,8:00pm,EBC,PITT,VT,ACC,ET,HOME,Y,CHAIRMAN / R-TV-FRI-SWAP-01
W6,G0280,Sat 10/3,6:00pm,ACCN,STAN,WAKE,ACC,ET,HOME,Y,CHAIRMAN
W6,G0281,Sat 10/3,12:00pm,B1G,MSU,WIS,Big Ten,CT,HOME,Y,CHAIRMAN / OFF-GRID-ACCEPTED / R-TV-GRID-W6-01
W6,G0282,Sat 10/3,8:00pm,CW,FRES,WSU,Pac-12,PT,HOME,Y,CHAIRMAN / OFF-GRID-ACCEPTED / R-TV-GRID-W6-02
W6,G0283,Sat 10/3,12:00pm,CBSSN,PRIN,YALE,ECL,ET,HOME,Y,ECL-STREAM / OTT
