Game ID,Date,Kickoff ET,Network,Away,Home,Away TEAM,Away OFF,Away DEF,Home TEAM,Home OFF,Home DEF,Neutral,Basis,Distribution
G0276,2026-10-01,7:30 PM,ESPN,Oklahoma State,North Texas,88,90,86,72,74,70,False,CHAIRMAN / ESPN-THU,LINEAR
G0250,2026-10-01,7:30 PM,SEN,Tulsa,Memphis,79,77,81,86,87,85,False,CHAIRMAN / TNF,LINEAR
G0255,2026-10-02,6:30 PM,Fox,Troy,Middle Tennessee,65,63,67,61,61,61,False,CHAIRMAN / R-TV-FRI-SWAP-01,LINEAR
G0262,2026-10-02,7:00 PM,Fox,Penn State,Northwestern,88,88,88,82,81,83,False,CHAIRMAN / R-TV-FRI-SWAP-01,LINEAR
G0253,2026-10-02,7:30 PM,ESPN,Delaware,Marshall,73,71,75,68,68,68,False,CHAIRMAN / R-TV-A8-ESPN-01 / R-TV-FRI-SWAP-01,LINEAR
G0279,2026-10-02,8:00 PM,EBC,Pittsburgh,Virginia Tech,83,82,84,86,85,87,False,CHAIRMAN / R-TV-FRI-SWAP-01,LINEAR
G0243,2026-10-03,12:00 AM,SEN,San Jose State,Hawaii,67,66,68,61,60,62,False,TEAM-OVERRIDE,LINEAR
G0260,2026-10-03,12:00 PM,ABC,Georgia Tech,Northern Illinois,82,81,83,64,64,64,False,CHAIRMAN,LINEAR
G0256,2026-10-03,12:00 PM,ACCN,Louisville,NC State,87,87,87,80,81,79,False,CHAIRMAN,LINEAR
G0281,2026-10-03,12:00 PM,B1G,Michigan State,Wisconsin,81,81,81,79,78,80,False,CHAIRMAN / OFF-GRID-ACCEPTED / R-TV-GRID-W6-01,LINEAR
G0228,2026-10-03,12:00 PM,CBS,Navy,Air Force,77,75,79,68,70,66,False,CHAIRMAN,LINEAR
G0263,2026-10-03,12:00 PM,CBSSN,Harvard,Penn,61,61,61,75,78,72,False,ECL-STREAM / OTT,OTT
G0272,2026-10-03,12:00 PM,CBSSN,Syracuse,UConn,71,72,70,78,80,76,False,TEAM-OVERRIDE / CBSSN-LINEAR,LINEAR
G0283,2026-10-03,12:00 PM,CBSSN,Princeton,Yale,67,68,66,64,65,63,False,ECL-STREAM / OTT,OTT
G0267,2026-10-03,12:00 PM,CW,Boston College,SMU,68,66,70,93,91,95,False,CHAIRMAN / OFF-GRID-ACCEPTED / R-TV-GRID-W6-01,LINEAR
G0244,2026-10-03,12:00 PM,EBC,UCF,Houston,86,84,88,91,92,90,False,CHAIRMAN,LINEAR
G0265,2026-10-03,12:00 PM,ESPN,Kentucky,South Carolina,87,89,85,73,73,73,False,CHAIRMAN,LINEAR
G0230,2026-10-03,12:00 PM,ESPN+,UAB,Army,65,65,65,83,82,84,False,CHAIRMAN / OTT,OTT
G0239,2026-10-03,12:00 PM,ESPN+,Temple,East Carolina,74,73,75,69,69,69,False,CHAIRMAN / OTT,OTT
G0240,2026-10-03,12:00 PM,ESPN+,Rice,Florida Atlantic,63,63,63,73,74,72,False,CHAIRMAN / OTT,OTT
G0233,2026-10-03,12:00 PM,FS1,Lehigh,Buffalo,85,85,85,69,67,71,False,CHAIRMAN / R-TV-A8-FS1-01,LINEAR
G0246,2026-10-03,12:00 PM,Fox,Ohio State,Iowa,98,99,97,91,89,93,False,CHAIRMAN,LINEAR
G0274,2026-10-03,12:00 PM,NBC,Notre Dame,North Carolina,98,98,98,85,83,87,False,ND-NBC,LINEAR
G0252,2026-10-03,12:00 PM,SECN,Florida,Missouri,89,91,87,84,83,85,False,CHAIRMAN,LINEAR
G0241,2026-10-03,12:00 PM,SEN,Virginia,Florida State,91,92,90,85,87,83,False,CHAIRMAN,LINEAR
G0278,2026-10-03,12:00 PM,SEN+,Holy Cross,South Florida,80,81,79,84,83,85,False,CHAIRMAN / OTT,OTT
G0268,2026-10-03,2:10 PM,SEN,Arkansas,Texas A&M,78,77,79,91,92,90,False,CHAIRMAN,LINEAR
G0248,2026-10-03,3:30 PM,ABC,Oregon,Kansas,94,96,92,75,74,76,False,CHAIRMAN,LINEAR
G0258,2026-10-03,3:30 PM,B1G,Maryland,Nebraska,80,81,79,87,89,85,False,CHAIRMAN,LINEAR
G0245,2026-10-03,3:30 PM,CBS,Purdue,Illinois,72,73,71,91,92,90,False,CHAIRMAN,LINEAR
G0236,2026-10-03,3:30 PM,CBSSN,Southern Miss,Colgate,64,66,62,77,79,75,False,CHAIRMAN / ECL-LINEAR,LINEAR
G0238,2026-10-03,3:30 PM,CW,Oregon State,Colorado State,77,76,78,73,72,74,False,CHAIRMAN,LINEAR
G0269,2026-10-03,3:30 PM,EBC,BYU,TCU,96,95,97,82,80,84,False,CHAIRMAN,LINEAR
G0249,2026-10-03,3:30 PM,ESPN,New Mexico State,Louisiana Tech,60,60,60,64,64,64,False,CHAIRMAN,LINEAR
G0275,2026-10-03,3:30 PM,ESPN2,California,UNLV,79,79,79,72,72,72,False,CHAIRMAN,LINEAR
G0251,2026-10-03,3:30 PM,Fox,Michigan,Minnesota,94,92,96,78,78,78,False,CHAIRMAN,LINEAR
G0254,2026-10-03,3:30 PM,SECN,Alabama,Mississippi State,95,97,93,89,90,88,False,CHAIRMAN,LINEAR
G0234,2026-10-03,3:30 PM,SEN+,Georgia Southern,Coastal Carolina,61,61,61,66,64,68,False,CHAIRMAN / OTT,OTT
G0273,2026-10-03,4:30 PM,SEN,Vanderbilt,Georgia,91,92,90,99,99,99,False,CHAIRMAN,LINEAR
G0247,2026-10-03,4:30 PM,TNT,West Virginia,Iowa State,76,77,75,76,76,76,False,CHAIRMAN,LINEAR
G0280,2026-10-03,6:00 PM,ACCN,Stanford,Wake Forest,69,70,68,86,86,86,False,CHAIRMAN,LINEAR
G0266,2026-10-03,6:00 PM,USA,Texas State,San Diego State,71,73,69,74,74,74,False,CHAIRMAN,LINEAR
G0259,2026-10-03,6:15 PM,SEN,Ole Miss,Nevada,92,94,90,63,63,63,False,CHAIRMAN / R-TV-MW-SEN-01,LINEAR
G0270,2026-10-03,7:15 PM,ESPN,Auburn,Tennessee,85,85,85,95,94,96,False,CHAIRMAN,LINEAR
G0271,2026-10-03,7:30 PM,CBSSN,Cornell,Tulane,65,66,64,77,77,77,False,CHAIRMAN / R-TV-AMER-CBSSN-01,LINEAR
G0277,2026-10-03,7:30 PM,NBC,Washington,USC,90,89,91,93,95,91,False,CHAIRMAN / BTSN,LINEAR
G0257,2026-10-03,8:00 PM,CBS,Wyoming,North Dakota State,62,61,63,75,78,72,False,CHAIRMAN / CBS-FAM,LINEAR
G0282,2026-10-03,8:00 PM,CW,Fresno State,Washington State,72,71,73,70,70,70,False,CHAIRMAN / OFF-GRID-ACCEPTED / R-TV-GRID-W6-02,LINEAR
G0235,2026-10-03,8:00 PM,EBC,Miami,Clemson,97,97,97,86,87,85,False,CHAIRMAN,LINEAR
G0264,2026-10-03,8:00 PM,Fox,Indiana,Rutgers,98,98,98,66,66,66,False,CHAIRMAN / FLEX-SET,LINEAR
G0242,2026-10-03,8:00 PM,SEN+,Old Dominion,Georgia State,70,67,73,77,77,77,False,CHAIRMAN / OTT,OTT
G0237,2026-10-03,8:30 PM,SEN,Texas Tech,Colorado,97,97,97,71,69,73,False,CHAIRMAN,LINEAR
G0231,2026-10-03,9:00 PM,FS1,Baylor,Arizona State,76,74,78,79,80,78,False,CHAIRMAN,LINEAR
G0232,2026-10-03,9:30 PM,USA,Utah State,Boise State,76,76,76,87,87,87,False,CHAIRMAN,LINEAR
G0229,2026-10-03,10:00 PM,SEN,Cincinnati,Arizona,88,88,88,93,92,94,False,CHAIRMAN,LINEAR
G0261,2026-10-03,10:30 PM,ESPN2,UTEP,New Mexico,60,60,60,74,73,75,False,CHAIRMAN,LINEAR
